<?xml version="1.0" encoding="UTF-8"?>
<project-private xmlns="http://www.netbeans.org/ns/project-private/1">
    <editor-bookmarks xmlns="http://www.netbeans.org/ns/editor-bookmarks/2" lastBookmarkId="0"/>
    <open-files xmlns="http://www.netbeans.org/ns/projectui-open-files/2">
        <group>
            <file>file:/C:/Users/Yvan%20Strong/Documents/NetBeansProjects/Client/src/Service/EventInterface.java</file>
            <file>file:/C:/Users/Yvan%20Strong/Documents/NetBeansProjects/Client/src/View/UserGUI.java</file>
            <file>file:/C:/Users/Yvan%20Strong/Documents/NetBeansProjects/Client/src/View/SignUpGUI.java</file>
            <file>file:/C:/Users/Yvan%20Strong/Documents/NetBeansProjects/Client/src/View/TicketGUI.java</file>
            <file>file:/C:/Users/Yvan%20Strong/Documents/NetBeansProjects/Client/src/Model/Ticket.java</file>
            <file>file:/C:/Users/Yvan%20Strong/Documents/NetBeansProjects/Client/src/Model/TicketDTO.java</file>
            <file>file:/C:/Users/Yvan%20Strong/Documents/NetBeansProjects/Client/src/Model/StadiumDTO.java</file>
            <file>file:/C:/Users/Yvan%20Strong/Documents/NetBeansProjects/Client/src/View/ViewStadiums.java</file>
            <file>file:/C:/Users/Yvan%20Strong/Documents/NetBeansProjects/Client/src/Model/EventDTO.java</file>
            <file>file:/C:/Users/Yvan%20Strong/Documents/NetBeansProjects/Client/src/View/LoginGUI.java</file>
            <file>file:/C:/Users/Yvan%20Strong/Documents/NetBeansProjects/Client/src/Model/SessionManager.java</file>
            <file>file:/C:/Users/Yvan%20Strong/Documents/NetBeansProjects/Client/src/View/UserTableModel.java</file>
            <file>file:/C:/Users/Yvan%20Strong/Documents/NetBeansProjects/Client/src/View/RegisterStadium.java</file>
            <file>file:/C:/Users/Yvan%20Strong/Documents/NetBeansProjects/Client/src/View/EventGUI.java</file>
            <file>file:/C:/Users/Yvan%20Strong/Documents/NetBeansProjects/Client/src/View/AllFrameGUI.java</file>
            <file>file:/C:/Users/Yvan%20Strong/Documents/NetBeansProjects/Client/src/Service/TicketInterface.java</file>
            <file>file:/C:/Users/Yvan%20Strong/Documents/NetBeansProjects/Client/src/Model/Stadium.java</file>
            <file>file:/C:/Users/Yvan%20Strong/Documents/NetBeansProjects/Client/src/Model/User.java</file>
            <file>file:/C:/Users/Yvan%20Strong/Documents/NetBeansProjects/Client/src/Model/UserDTO.java</file>
            <file>file:/C:/Users/Yvan%20Strong/Documents/NetBeansProjects/Client/src/Service/UserInterface.java</file>
            <file>file:/C:/Users/Yvan%20Strong/Documents/NetBeansProjects/Client/src/Service/StadiumInteface.java</file>
            <file>file:/C:/Users/Yvan%20Strong/Documents/NetBeansProjects/Client/src/Model/Event.java</file>
        </group>
    </open-files>
</project-private>
